Workbook

Sheet Overview
B1: Step 0 | C1: Create a new copy of this document
C2: This is a blank template. Please do not edit this document directly. Create a copy.
B3: Step 1 | C3: Work Breakdown
C4: There are three hierarchy levels to define a work breakdown. These could be thought of as Epic/Feature/Story.
C5: Break down to as much detail as you can, the more the better.
C6: Some times, you don't have more detail, that is fine. Try to have at least 10 line items in your estimate.
C7: If you are getting down to the level of tasks that will only take a few minutes to accomplish, you are going too deep.
C8: If you are inserting new rows, ensure you copy the equations for Expected Case, STD Dev, and Variance into the rows.
B9: Step 2 | C9: Ranged Effort Estimate
C10: The range from best case to worst case should be:
D11: Estimated in Hours
D12: Account for time required to get to "Done" and not just "Code Complete"
D13: Assume a generic resource that has average skillsets required to accomplish the task
D14: Give a range that you would be 90% confident is achievable. This may result in very large ranges - thats good! We want to know where those are.
E15: 4 hours to 400 hundred hours may be a perfectly valid estimate.
E16: If we knew perfectly what needed to be done, it probably wouldn't be worth doing.
E17: There are going to be areas we don't know, or have a large degree of uncertainty.
B18: Step 3 | C18: Interpretation
C19: The duration and effort estimate numbers will give you a starting point to develop a staffing plan.
C20: The duration should be considered a "do not go under" number. While work may take more time, it will almost never take less.
C21: For the duration specified, add resources to a staffing plan to account for the estimated effort until parity is achieved.
C22: There may be known schedule dependencies that cannot be estimated in the planned activities - like Holidays, PTO, Ramp Up - the staffing plan is where these are accounted for.
C23: There is an example staffing plan, but it is mostly a manual process and will need to be created for each case.
B24: Step 4 | C24: Refinement & Presentation
C25: These worksheets are not for business consumption, they are worksheets for technical teams to sanity check their plans.
C26: The numbers and plans that come out of this may require further refinement or tweaking based on SME knowledge of the work.
C27: At the end of the day, we are making a guess, all of us are bad at predicting the future. This is meant to identify and communicate planned effort and risks.

Sheet Worksheet
A1: Level 1 | B1: Level 2 | C1: Level 3 | D1: Notes | E1: Best Case | F1: Worst Case | G1: Expected Case | H1: STD Dev | I1: Variance
G3: =((F3-E3)*Variables!$C$5)+E3 -> 0 | H3: =(F3-E3)/Variables!$C$3 -> 0 | I3: =H3^2 -> 0
G4: =((F4-E4)*Variables!$C$5)+E4 -> 0 | H4: =(F4-E4)/Variables!$C$3 -> 0 | I4: =H4^2 -> 0
G5: =((F5-E5)*Variables!$C$5)+E5 -> 0 | H5: =(F5-E5)/Variables!$C$3 -> 0 | I5: =H5^2 -> 0
G6: =((F6-E6)*Variables!$C$5)+E6 -> 0 | H6: =(F6-E6)/Variables!$C$3 -> 0 | I6: =H6^2 -> 0
G7: =((F7-E7)*Variables!$C$5)+E7 -> 0 | H7: =(F7-E7)/Variables!$C$3 -> 0 | I7: =H7^2 -> 0
G8: =((F8-E8)*Variables!$C$5)+E8 -> 0 | H8: =(F8-E8)/Variables!$C$3 -> 0 | I8: =H8^2 -> 0
G9: =((F9-E9)*Variables!$C$5)+E9 -> 0 | H9: =(F9-E9)/Variables!$C$3 -> 0 | I9: =H9^2 -> 0
G10: =((F10-E10)*Variables!$C$5)+E10 -> 0 | H10: =(F10-E10)/Variables!$C$3 -> 0 | I10: =H10^2 -> 0
G11: =((F11-E11)*Variables!$C$5)+E11 -> 0 | H11: =(F11-E11)/Variables!$C$3 -> 0 | I11: =H11^2 -> 0
G12: =((F12-E12)*Variables!$C$5)+E12 -> 0 | H12: =(F12-E12)/Variables!$C$3 -> 0 | I12: =H12^2 -> 0
G13: =((F13-E13)*Variables!$C$5)+E13 -> 0 | H13: =(F13-E13)/Variables!$C$3 -> 0 | I13: =H13^2 -> 0
G14: =((F14-E14)*Variables!$C$5)+E14 -> 0 | H14: =(F14-E14)/Variables!$C$3 -> 0 | I14: =H14^2 -> 0
... G17: =((F17-E17)*Variables!$C$5)+E17 -> 0 | H17: =(F17-E17)/Variables!$C$3 -> 0 | I17: =H17^2 -> 0
D19: Total | E19: =SUM(E2:E18) -> 0 | F19: =SUM(F2:F18) -> 0 | G19: =SUM(G2:G18) -> 0 | H19: - | I19: =SUM(I2:I18) -> 0
D20: STD Dev | E20: - | F20: - | H20: - | I20: =SQRT(I19) -> 0
D21: Effort | I21: =G19+I20 -> 0 | J21: hours
I22: =I21/Variables!$C$4 -> 0 | J22: staff weeks
D23: Duration | I23: =_xlfn.CEILING.MATH(Variables!$C$2*(Worksheet!I22^(1/3))) -> 0 | J23: weeks

Sheet Worksheet Example
A1: Level 1 | B1: Level 2 | C1: Level 3 | D1: Notes | E1: Best Case | F1: Worst Case | G1: Expected Case | H1: STD Dev | I1: Variance
A3: Layouts & schemas | G3: =((F3-E3)*Variables!$C$5)+E3 -> 0 | H3: =(F3-E3)/Variables!$C$3 -> 0 | I3: =H3^2 -> 0
B4: Page 1 | C4: 7 components potential horizontal scroll feature | E4: 80 | F4: 120 | G4: =((F4-E4)*Variables!$C$5)+E4 -> 93.2 | H4: =(F4-E4)/Variables!$C$3 -> 15.384615 | I4: =H4^2 -> 236.68639
B5: Page 2 | C5: 8 components | E5: 70 | F5: 200 | G5: =((F5-E5)*Variables!$C$5)+E5 -> 112.9 | H5: =(F5-E5)/Variables!$C$3 -> 50 | I5: =H5^2 -> 2500
B6: Page 3 | C6: 7 components potential horizontal scroll feature and accordion | D6: Accordion is hard | E6: 100 | F6: 320 | G6: =((F6-E6)*Variables!$C$5)+E6 -> 172.6 | H6: =(F6-E6)/Variables!$C$3 -> 84.615385 | I6: =H6^2 -> 7159.7633
B7: Page 4 | C7: 4 components | E7: 40 | F7: 80 | G7: =((F7-E7)*Variables!$C$5)+E7 -> 53.2 | H7: =(F7-E7)/Variables!$C$3 -> 15.384615 | I7: =H7^2 -> 236.68639
B8: Page 5 | C8: 8 components | E8: 60 | F8: 90 | G8: =((F8-E8)*Variables!$C$5)+E8 -> 69.9 | H8: =(F8-E8)/Variables!$C$3 -> 11.538462 | I8: =H8^2 -> 133.13609
B9: Nav & Footer | D9: Need more info | E9: 80 | F9: 160 | G9: =((F9-E9)*Variables!$C$5)+E9 -> 106.4 | H9: =(F9-E9)/Variables!$C$3 -> 30.769231 | I9: =H9^2 -> 946.74556
G10: =((F10-E10)*Variables!$C$5)+E10 -> 0 | H10: =(F10-E10)/Variables!$C$3 -> 0 | I10: =H10^2 -> 0
A11: Contentstack | G11: =((F11-E11)*Variables!$C$5)+E11 -> 0 | H11: =(F11-E11)/Variables!$C$3 -> 0 | I11: =H11^2 -> 0
B12: Environement & Language Config | E12: 4 | F12: 16 | G12: =((F12-E12)*Variables!$C$5)+E12 -> 7.96 | H12: =(F12-E12)/Variables!$C$3 -> 4.6153846 | I12: =H12^2 -> 21.301775
B13: Translations (admin activities) | D13: Dependent on another team | E13: 80 | F13: 100 | G13: =((F13-E13)*Variables!$C$5)+E13 -> 86.6 | H13: =(F13-E13)/Variables!$C$3 -> 7.6923077 | I13: =H13^2 -> 59.171598
A14: Documentation & Handoff | G14: =((F14-E14)*Variables!$C$5)+E14 -> 0 | H14: =(F14-E14)/Variables!$C$3 -> 0 | I14: =H14^2 -> 0
B15: Q&A | E15: 40 | F15: 100 | G15: =((F15-E15)*Variables!$C$5)+E15 -> 59.8 | H15: =(F15-E15)/Variables!$C$3 -> 23.076923 | I15: =H15^2 -> 532.54438 | M15: Staffing Plan
B16: Reame, docs | E16: 16 | F16: 30 | G16: =((F16-E16)*Variables!$C$5)+E16 -> 20.62 | H16: =(F16-E16)/Variables!$C$3 -> 5.3846154 | I16: =H16^2 -> 28.994083 | P16: Weeks
M17: Discipline Required | P17: 1 | Q17: 2 | R17: 3 | S17: 4 | T17: 5 | U17: 6 | V17: 7 | W17: 8 | X17: 9 | Y17: 10 | Z17: 11 | AA17: 12 | AB17: 13 | AC17: 14 | AD17: 15
D18: Total | E18: =SUM(E2:E17) -> 570 | F18: =SUM(F2:F17) -> 1216 | G18: =SUM(G2:G17) -> 783.18 | H18: - | I18: =SUM(I2:I17) -> 11855.03 | M18: Scrum Master | O18: =SUM(P18:AD18) -> 84 | P18: 6 | Q18: 6 | R18: 6 | S18: 6 | T18: 6 | U18: 6 | V18: PI Plan | W18: 6 | X18: 6 | Y18: 6 | Z18: 6 | AA18: 6 | AB18: 6 | AC18: 6 | AD18: 6
D19: STD Dev | E19: - | F19: - | H19: - | I19: =SQRT(I18) -> 108.8808 | M19: Lead Dev | O19: =SUM(P19:AD19) -> 432 | P19: 36 | Q19: 36 | R19: 36 | S19: 36 | T19: 36 | U19: 36 | V19: PI Plan | W19: PTO | X19: PTO | Y19: 36 | Z19: 36 | AA19: 36 | AB19: 36 | AC19: 36 | AD19: 36
D20: Effort | I20: =G18+I19 -> 892.0608 | J20: hours | M20: Associate Dev | O20: =SUM(P20:AD20) -> 504 | P20: 36 | Q20: 36 | R20: 36 | S20: 36 | T20: 36 | U20: 36 | V20: PI Plan | W20: 36 | X20: 36 | Y20: 36 | Z20: 36 | AA20: 36 | AB20: 36 | AC20: 36 | AD20: 36
I21: =I20/Variables!$C$4 -> 24.779467 | J21: staff weeks | M21: QA | O21: =SUM(P21:AD21) -> 140 | P21: 8 | Q21: 8 | V21: PI Plan | W21: 8 | X21: 8 | Y21: 8 | Z21: 20 | AA21: 20 | AB21: 20 | AC21: 20 | AD21: 20
D22: Duration | I22: =_xlfn.CEILING.MATH(Variables!$C$2*('Worksheet Example'!I21^(1/3))) -> 11 | J22: weeks | M22: Total Hours | O22: =SUM(P22:AD22) -> 1160 | P22: =SUM(P18:P21) -> 86 | Q22: =SUM(Q18:Q21) -> 86 | R22: =SUM(R18:R21) -> 78 | S22: =SUM(S18:S21) -> 78 | T22: =SUM(T18:T21) -> 78 | U22: =SUM(U18:U21) -> 78 | V22: =SUM(V18:V21) -> 0 | W22: =SUM(W18:W21) -> 50 | ... AD22: =SUM(AD18:AD21) -> 98
D23: *** scroll to the right for staffing plan ***
P24: Notes
P25: Weeks 1 & 2 will be mostly ramp up
P26: Week 7 is PI planning
P27: Week 8 & 9 our lead is on PTO
P28: QA activities will ramp up near the end
P29: 36 hours per week max were set as an estimate expectation on the variables tab

Sheet Variables
B2: Duration Multiplier | C2: 3.5
B3: STD Dev Divisor | C3: 2.6
B4: Billable hours/week | C4: 36
B5: Ecpected Case Multiplier | C5: 0.33
